Contributrice,Langue,Auteur,Oeuvre,Référence,Prose/poésie,Nombre de mots,Coupes,Niveau,Titre du texte,Conj,Morphologie,Syntaxe,Texte latin/grec,Traduction,Crédit Traduction
Sarah Gaucher,Latin,Tacite,Germanie,5,Prose,85,VRAI,1,Les ressources de la Germanie,Indicatif présent,"Comparatif, Superlatif","Circonstancielle concessive (indicatif), Circonstancielle causale (indicatif), Circonstancielle de lieu (qua), Omission du verbe esse, Complément du comparatif, Tournure esse + datif","Terra etsi aliquanto specie differt, in uniuersum tamen aut siluis horrida aut paludibus foeda, umidior qua Gallias, uentosior qua Noricum ac Pannoniam adspicit ; satis ferax, frugiferarum arborum inpatiens, pecorum fecunda, sed plerumque improcera. Ne armentis quidem suus honor aut gloria frontis : numero gaudent eaeque solae et gratissimae opes sunt. […] Possessione et usu haud perinde adficiuntur. […] Pecuniam probant ueterem et diu notam, serratos bigatosque. Argentum quoque magis quam aurum sequuntur, nulla adfectione animi, sed quia numerus argenteorum facilior usui est promiscua ac uilia mercantibus.","La terre, même si elle diffère notablement par son aspect, est cependant, en général, soit hérissée par des forêts, soit rendue répugnante par des marécages, plus humide du côté elle regarde les Gaules, plus exposée aux vents du côté où elle regarde le Norique et la Pannonie ; elle est riche en semailles, rétive aux arbres fruitiers, abondante en bétail, bien que le plus souvent de petite taille. Les troupeaux n’ont pas non plus de beauté propre et de front glorieux : les Germains se réjouissent du nombre de bêtes et ces ressources sont les seules qu’ils possèdent et les plus agréables. […] Ils ne sont point affectés de la même manière par la possession et par l’usage. […] Ils approuvent la monnaie ancienne et depuis longtemps connue, les serrati et les bigati. Ils poursuivent également l’argent plus que l’or, non pas par un quelconque mouvement de l’âme, mais parce que le nombre de pièces d’argent est plus facile à l’usage pour ceux les marchands de biens communs et de bas prix.",Sarah Gaucher
Sarah Gaucher,Latin,Tacite,Germanie,1,Prose,90,VRAI,1,Frontières de la Germanie,"Indicatif présent, Indicatif parfait, Participe présent, Participe parfait, Déponent","""ipse, a, um""","Ablatif absolu, Proposition relative (indicatif), Circonstancielle de temps (indicatif), Attribut du COD","Germania omnis a Gallis Rhaetisque et Pannoniis Rheno et Danuuio fluminibus, a Sarmatis Dacisque mutuo metu aut montibus separatur : cetera Oceanus ambit, latos sinus et insularum inmensa spatia complectens, nuper cognitis quibusdam gentibus ac regibus, quos bellum aperuit. Rhenus, Rhaeticarum Alpium inaccesso ac praecipiti uertice ortus, modico flexu in occidentem uersus septentrionali Oceano miscetur. Danuuius molli et clementer edito montis Abnobae iugo effusus pluris populos adit, donec in Ponticum mare sex meatibus erumpat : septimum os paludibus hauritur. Ipsos Germanos indigenas habeo minimeque aliarum gentium aduentibus et hospitiis mixtos.","La Germanie tout entière est séparée des Gaulois, des Rhétiens et des Panoniens par les fleuves du Rhin et du Danube, des Sarmates et des Daces par une crainte mutuelle ou par des montagnes : l’Océan entoure les autres frontières, embrassant de larges avancées de terres et les territoires d’immenses îles, dont certains peuples et rois, que la guerre a fait découvrir, ont été récemment connus. Le Rhin, né du sommet inaccessible et pentu des Alpes de la Rhétie, une fois tourné légèrement vers l’occident, se mêle à l’Océan septentrional. Le Danube, qui a tiré son origine de la cime peu élevée et légèrement escarpée du mont Abnoba, côtoie un assez grand nombre de peuples, jusqu’à ce qu’il se jette en six estuaires dans la mer du Pont : la septième embouchure se perd dans les marais. Je considère les Germains comme indigènes et très peu affectés par l’arrivée et le séjour d’autres peuples.",Sarah Gaucher
Sarah Gaucher,Latin,Phèdre,Fables,2.7,Poésie,84,FAUX,1,Les deux mulets,"Indicatif imparfait, Participe présent, Déponent, Indicatif présent, Participe parfait, Subjonctif imparfait, Indicatif parfait","""ille, illa, illud"", ""hic, haec, hoc""","Cum + subjonctif, Omission du verbe esse, ""Proposition infinitive
""","Muli grauati sarcinis ibant duo : 
unus ferebat fiscos cum pecunia, 
alter tumentes multo saccos hordeo. 
Ille onere diues celsa ceruice eminens, 
clarumque collo iactans tintinabulum ; 
comes quieto sequitur et placido gradu. 
Subito latrones ex insidiis aduolant, 
interque caedem ferro ditem sauciant : 
diripiunt nummos, neglegunt uile hordeum. 
Spoliatus igitur casus cum fleret suos, 
« Equidem » inquit alter « me contemptum gaudeo ; 
nam nil amisi, nec sum laesus uulnere. » 
Hoc argumento tuta est hominum tenuitas, 
magnae periclo sunt opes obnoxiae.","Deux mulets cheminaient chargés de lourds fardeaux : l’un portait des paniers pleins d’argent, l’autre des sacs gonflés d’une grande quantité d’orge. Le premier, enrichi par la valeur de son fardeau, avance la tête haute et fait balancer à son cou un grelot au son clair ; son compagnon suit d’un pas tranquille et paisible. Soudain, des bandits, sortis de leur cachette, accourent, et, dans la lutte, blessent d’un coup d’épée le riche mulet. Ils se saisissent des écus mais négligent l’orge sans valeur. Après le vol, comme le mulet pleurait ses malheurs, l’autre dit : « En ce qui me concerne, je suis bien content qu’on m’ait méprisé, car je n’ai rien perdu et n’ai point été blessé ». Cet exemple montre que la pauvreté des hommes ne risque rien, tandis que l’opulence est exposée au danger.",Sarah Gaucher
Sarah Gaucher,Latin,Suétone,Vie de Caligula,3-6,Prose,140,FAUX,2,Eloge de Germancus,"Indicatif présent, Indicatif imparfait, Indicatif parfait, Infinitif présent actif, Infinitif parfait passif, Participe parfait, Participe futur, Participe substantivé, Déponent","Comparatif, ""is, ea, id""","Proposition relative (indicatif), ""Proposition infinitive
"", Ablatif absolu, Omission du verbe esse","Omnes Germanico corporis animique uirtutes [...] contigisse satis constat : formam et fortitudinem egregiam, ingenium in utroque eloquentiae doctrinaeque genere praecellens, beniuolentiam singularem [...] mirumque et efficax studium. Formae minus congruebat gracilitas crurum, sed ea quoque paulatim repleta assidua equi uectatione post cibum. Hostem comminus saepe percussit. Orauit causas etiam triumphalis ; atque inter cetera studiorum monimenta reliquit et comoedias Graecas. Domi forisque ciuilis, libera ac foederata oppida sine lictoribus adibat. [...] Caesorum clade Variana ueteres ac dispersas reliquias uno tumulo humaturus, colligere sua manu et comportare primus adgressus est. Tamen longe maiora et firmiora de eo iudicia in morte ac post mortem extiterunt. [...] Quo defunctus est die, lapidata sunt templa, subuersae deum arae, Lares a quibusdam familiares in publicum abiecti, partus coniugum expositi. [...] Auxit gloriam desideriumque defuncti et atrocitas insequentium temporum, cunctis nec temere opinantibus reuerentia eius ac metu repressam Tiberi saeuitiam.","Il est assez établi que toutes les vertus du corps et de l’âme […] avaient échu à Germanicus : une beauté et une force incroyables, une intelligence supérieure dans les deux genres de l’éloquence et du savoir, une bienveillance singulière et un talent admirable et énergique […]. La finesse de ses jambes s’accordait moins avec sa beauté, mais elles furent également peu à peu musclées par une pratique assidue de l’équitation après manger. Souvent, il frappa de près l’ennemi. Il plaida des causes même après son triomphe ; et entre autres souvenirs de ses études, il laissa également des comédies grecques. […] S’apprêtant à inhumer dans un unique tombeau les restes anciens et dispersés des hommes morts au moment du massacre de Varus, le premier, il entreprit de les ramasser et de les assembler de ses propres mains. […] Cependant, au moment de sa mort et après celle-ci, des témoignages d’affection de loin plus grands et plus fermes s’élevèrent. […] Le jour où il mourut, des temples furent lapidés, les autels des dieux furent renversés, certains jetèrent sur la place publique les Lares familiaux, d’autres exposèrent les enfants nouvellement-nés de leurs épouses. […] L’atrocité des temps qui suivirent augmenta la gloire et le regret du défunt, tous pensant avec raison que la sévérité de Tibère avait été par le respect et la peur qu’il lui inspirait.",Sarah Gaucher
Sarah Gaucher,Latin,Aulu-Gelle,Nuits Attiques,10.18,Prose,75,VRAI,2,Amour d'Artémise pour son époux,"Indicatif présent, Indicatif parfait, Infinitif présent passif, Infinitif parfait, Participe présent, Participe parfait, Déponent","Superlatif, ""is, ea, id"", ""ille, illa, illud""","Passif personnel + infinitif, Circonstancielle de temps (indicatif)","Artemisia Mausolum uirum amasse fertur supra omnes amorum fabulas ultraque affectionis humanae fidem. Mausolus autem fuit [...] rex terrae Cariae [...]. Is Mausolus, ubi fato perfunctus est, inter lamenta et manus uxoris funere magnifico sepultus est ; Artemisia, luctu atque desiderio mariti flagrans uxor, ossa cineremque eius mixta odoribus contusaque in faciem pulueris aquae indidit ebibitque multaque alia uiolenti amoris indicia fecisse dicitur. Molita quoque est […] sepulcrum illud memoratissimum dignatumque numerari inter septem omnium terrarum spectacula.","On dit qu’Artemise aima son époux Mausole au-delà de toutes les histoires d’amour et de tout témoignage d’affection humaine. Mausole était par ailleurs roi de la terre de Carie. Le dit Mausole, lorsqu’il en eut fini avec la vie, fut enterré entre les lamentations et les mains de son épouse dans une magnifique cérémonie funèbre ; Artemise, épouse brûlant du deuil et du manque de son mari, mit dans de l’eau les os et la cendre de celui-ci, mélangés à des odeurs et broyés pour leur donner l’aspect de la poussière, elle but et on dit qu’elle fit de nombreuses autres démonstrations de son violent amour. Elle construisit également cet illustre tombeau tout à fait mémorable et digne d’être compté au nombre des sept merveilles du monde.",Sarah Gaucher
Sarah Gaucher,Latin,Pline le Jeune,Lettres,6.16.17-20,Prose,76,VRAI,2,Mort de Pline l'Ancien,"Indicatif présent, Indicatif imparfait, Indicatif parfait, Infinitif présent, Participe présent, Participe parfait, Participe substantivé, Déponent, Indicatif plus-que-parfait","Comparatif, Comparatif de l'adverbe, ""ille, illa, illud""","Complément du comparatif, Circonstancielle de temps (indicatif), Comparative (indicatif), Relatif de liaison","Iam dies alibi, illic nox omnibus noctibus nigrior densiorque […]. Placuit egredi in litus et ex proximo adspicere, ecquid iam mare admitteret ; quod adhuc uastum et aduersum permanebat. Ibi, super abiectum linteum recubans, semel atque iterum frigidam aquam poposcit hausitque. Deinde flammae flammarumque praenuntius odor sulpuris alios in fugam uertunt, excitant illum. Innitens seruulis duobus adsurrexit et statim concidit […]. Vbi dies redditus […], corpus inuentum integrum, inlaesum opertumque ut fuerat indutus ; habitus corporis quiescenti quam defuncto similior.","Déjà il faisait jour ailleurs, là il y avait une nuit plus noire et plus dense que toutes les nuits. Il parut bon de marcher sur le rivage et de voir, depuis un lieu très proche, si la mer permettait de naviguer. Mais elle restait encore orageuse et peu favorable. Là, reposant sur un drap étendu, il réclama deux fois de l’eau fraîche et la but. Ensuite, des flammes et une odeur de souffre qui annonce des flammes mettent les autres en fuit, le réveillent. S’appuyant sur deux esclaves, il se leva et tomba aussitôt. Lorsque le jour fut revenu, son corps fut retrouvé intact, sans blessure et couvert comme il avait été vêtu ; l’aspect du corps était plus semblable à quelqu’un qui se repose qu’à un mort.",Sarah Gaucher
Sarah Gaucher,Latin,César,La guerre des Gaules,6.14,Prose,87,FAUX,2,Coutumes gauloises,"Infinitif présent, Infinitif présent passif, Indicatif parfait, Indicatif présent, Participe parfait, Subjonctif présent","""is, ea, id""","Passif personnel + infinitif, ""Proposition infinitive
"", Cum + subjonctif, Quod + subjonctif, Proposition relative (indicatif)","Druides a bello abesse consuerunt neque tributa una cum reliquis pendunt, militiae uacationem omniumque rerum habent immunitatem. Tantis excitati praemiis et sua sponte multi in disciplinam conueniunt et a parentibus propinquisque mittuntur. Magnum ibi numerum uersuum ediscere dicuntur. Itaque annos nonnulli uicenos in disciplina permanent. Neque fas esse existimant ea litteris mandare, cum in reliquis fere rebus, publicis priuatisque rationibus , graecis litteris utantur. Id mihi duabus de causis instituisse uidentur, quod neque in uulgum disciplinam efferri uelint, neque eos qui discunt, litteris confisos, minus memoriae studere.","Les druides ne vont pas à la guerre et ne paient aucun des tributs imposés aux autres Gaulois; ils sont exempts du service militaire et de toute espèce de charges. Séduits par de si grands privilèges, beaucoup de Gaulois viennent à cet apprentissage de leur propre mouvement, ou y sont envoyés par leurs parents et leurs proches. Là, dit-on, ils apprennent un grand nombre de vers. C’est pourquoi certains passent vingt années dans cet apprentissage. Et, il n'est pas permis, pensent-ils, de confier ces vers à l'écriture, alors que, dans la plupart des autres affaires publiques et privées, ils se servent des lettres grecques. Il y a, ce me semble, deux raisons de cet usage : l'une est d'empêcher que leur science ne se répande dans la foule et l'autre, que leurs disciples, se reposant sur l'écriture, ne négligent leur mémoire.",Sarah Gaucher
Emmanuelle Jégo,Grec,Anacréon,Anacreontea,24,Poésie,45,FAUX,2,Sur les femmes,"Indicatif présent, Indicatif imparfait, Participe présent, Participe substantivé, Indicatif aoriste",Troisième déclinaison,,"Φύσις κέρατα ταύροις, 
ὁπλὰς δ᾿ ἔδωκεν ἵπποις, 
ποδωκίην λαγωοῖς, 
λέουσι χάσμ᾿ ὀδόντων, 
τοῖς ἰχθύσιν τὸ νηκτόν, 
τοῖς ὀρνέοις πέτασθαι, 
τοῖς ἀνδράσιν φρόνημα, 
γυναιξὶν οὐκ ἔτ᾿ εἶχεν. 
τί οὖν; δίδωσι κάλλος 
ἀντ᾿ ἀσπίδων ἁπασῶν, 
ἀντ᾿ ἐγχέων ἁπάντων· 
νικᾷ δὲ καὶ σίδηρον 
καὶ πῦρ καλή τις οὖσα.","La nature a donné aux taureaux des cornes, aux coursiers de durs sabots, aux lièvres la légèreté, aux lions un gouffre armé de dents, aux poissons les nageoires, aux oiseaux les ailes, aux hommes la prudence. Il ne restait rien pour les femmes. Que leur donna-t-elle donc ? La beauté, qui leur sert à la fois de glaive et de bouclier : celle qui est belle triomphe du fer et du feu.",Ernest Falconnet
Sarah Gaucher,Latin,Phèdre,Fables,1.1,Poésie,106,FAUX,2,Le loup et l'agneau,"Indicatif plus-que-parfait, Participe parfait, Indicatif parfait, Participe présent, Indicatif imparfait, Indicatif présent","""idem, eadem, idem"", Comparatif, ""hic, haec, hoc"", ""qui, quae, quod""","Interrogative directe, Proposition relative (indicatif), Attribut du COD","Ad riuum eundem lupus et agnus uenerant, 
siti compulsi. Superior stabat lupus, 
longeque inferior agnus. Tunc fauce improba 
latro incitatus iurgii causam intulit; 
« Cur » inquit « turbulentam fecisti mihi 
aquam bibenti? » Laniger contra timens 
« Qui possum, quaeso, facere quod quereris, lupe ? 
A te decurrit ad meos haustus liquor ». 
Repulsus ille ueritatis uiribus 
« Ante hos sex menses male » ait « dixisti mihi ». 
Respondit agnus « Equidem natus non eram ». 
« Pater hercle tuus » ille inquit « male dixit mihi » ; 
atque ita correptum lacerat iniusta nece. 
Haec propter illos scripta est homines fabula 
qui fictis causis innocentes opprimunt.","Au bord du même ruisseau étaient venus un loup et un agneau pressés par la soif. En amont se tenait le loup et loin de là, en aval, était l'agneau. Alors, poussé par sa voracité sans scrupules, le brigand prit un prétexte pour lui chercher querelle. « Pourquoi, dit-il, as-tu a troublé l'eau que je bois? » Le porte-laine répondit tout tremblant : « Comment pourrais-je, je te prie, Loup, faire ce dont tu te plains? C'est de ta place que le courant descend vers l'endroit où je m'abreuve. » Repoussé par la force de la vérité, le loup se mit à dire : « Il y a six mois tu as médit de moi. » - « Moi? répliqua l'agneau, je n'étais pas né. » -- Ma foi, dit le loup, c'est ton père qui a médit de moi. » Et là-dessus il saisit l'agneau, le déchire et le tue au mépris de la justice. Cette fable est pour certaines gens qui, sous de faux prétextes, accablent les innocents. ",Pierre Constant
Sarah Gaucher,Latin,Phèdre,Fables,1.5,Poésie,44,FAUX,2,"La vache, la chèbre, la brebis et le lion","Indicatif présent, Déponent, Indicatif parfait, Subjonctif plus-que-parfait, Participe parfait, Indicatif futur, Indicatif futur antérieur","""hic, haec, hoc""","Cum + subjonctif, Ablatif absolu, Circonstancielle causale (indicatif), Système hypothétique (éventuel)","Numquam est fidelis cum potente societas. 
Testatur haec fabella propositum meum. 
Vacca et capella et patiens ouis iniuriae 
socii fuere cum leone in saltibus. 
Hi cum cepissent ceruum uasti corporis, 
sic est locutus partibus factis leo: 
« Ego primam tollo nomine hoc quia rex cluo; 
secundam, quia sum consors, tribuetis mihi; 
tum, quia plus ualeo, me sequetur tertia; 
malo adficietur si quis quartam tetigerit ». 
Sic totam praedam sola improbitas abstulit.","Il n'y a jamais de sûreté dans l'association avec le puissant; cette petite fable montre la vérité de ce que j'avance. Une vache, une chèvre et une brebis habituée à l'injustice firent dans les bois société avec un lion. Comme ils avaient pris un cerf de grande taille, les parts faites, le lion parla ainsi : « C'est moi qui prends la première puisqu'on m'appelle roi, elle m'appartient; la seconde, comme je suis vaillant, vous me la donnerez; et parce que je suis le plus fort, la troisième me reviendra. Malheur à qui touchera à la quatrième 1 » Ainsi, grâce à sa mauvaise foi, il emporta pour lui seul la proie tout entière.",Pierre Constant
Sarah Gaucher,Latin,Phèdre,Fables,1.16,Poésie,44,FAUX,2,"La brebis, le cerf et le loup","Indicatif présent, Infinitif présent, Déponent, Indicatif imparfait, Participe présent, Indicatif parfait, Indicatif futur, Indicatif futur antérieur","""ille, illa, illud""","Cum + indicatif, Interrogative directe","Fraudator homines cum aduocat sponsum improbos, 
non rem expedire, sed malum ordiri expetit. 
Ouem rogabat ceruus modium tritici, 
lupo sponsore. At illa, praemetuens dolum, 
« Rapere atque abire semper adsueuit lupus; 
tu de conspectu fugere ueloci impetu. 
Vbi uos requiram, cum dies aduenerit? »","Un fripon qui fait appel à la garantie de malhonnêtes gens, songe moins à s'acquitter de sa dette qu'à faire une dupe. Un cerf demandait à emprunter à une brebis un bois- seau de blé; le loup devait être sa caution. Mais la brebis, appréhendant une fourberie : « Prendre et se sauver a été de tout temps l'habitude du loup; la tienne est de fuir hors de la vue grâce à la rapidité de ta course. Où irai-je vous chercher le jour de l'échéance ? » ",Pierre Constant
Sarah Gaucher,Latin,Tacite,Annales,13.16-17,Prose,193,FAUX,4,Meurtre de Britannicus,"Indicatif imparfait, Déponent, Subjonctif imparfait, Indicatif parfait, Indicatif présent, Participe parfait, Participe présent, Participe substantivé, Infinitif futur, Infinitif présent, Infinitif parfait, Subjonctif parfait, Indicatif plus-que-parfait","""is, ea, id"", ""idem, eadem, idem"", ""ille, illa, illud"", ""qui, quae, quod""","Ablatif absolu, Circonstancielle causale (indicatif), Circonstancielle finale (subjonctif), Circonstancielle consécutive (subjonctif), Ut + indicatif, ""Proposition infinitive
"", Discours indirect, Proposition relative (indicatif), Proposition relative (subjonctif), Circonstancielle concessive (subjonctif), Omission du verbe esse","Mos habebatur principum liberos cum ceteris idem aetatis  nobilibus sedentes uesci in adspectu propinquorum propria et parciore mensa. Illic epulante Britannico, quia cibos potusque eius delectus ex ministris gustu explorabat, ne omitteretur institutum aut utriusque morte proderetur scelus, talis dolus repertus est. Innoxia adhuc ac praecalida et libata gustu potio traditur Britannico ; dein, postquam feruore aspernabatur, frigida in aqua adfunditur uenenum, quod ita cunctos eius artus peruasit, ut uox pariter et spiritus eius raperentur. Trepidatur a circumsedentibus, diffugiunt imprudentes : at quibus altior intellectus resistunt, defixi et Neronem intuentes. Ille, ut erat reclinis et nescio similis, solitum ita  ait per comitialem morbum, quo prima ab infantia adflictaretur Britannicus, et redituros paulatim uisus sensusque. At Agrippinae  is pauor, ea consternatio mentis, quamuis uultu premeretur, emicuit, ut perinde ignaram fuisse quam Octauiam sororem Britannici constiterit : quippe sibi supremum auxilium ereptum et parricidii exemplum intellegebat. Octauia quoque, quamuis rudibus annis, dolorem, caritatem, omnes adfectus abscondere didicerat. Ita post breue silentium repetita conuiuii laetitia. Nox eadem necem Britannici et rogum coniunxit, prouiso ante funebri paratu, qui modicus fuit. In campo tamen Martis sepultus est, adeo turbidis imbribus, ut uulgus iram deum portendi crediderit aduersus facinus.","La coutume voulait que les enfants des empereurs prennent leurs repas en présence de leurs proches, assis avec d'autres nobles de leur âge à une table réservée pour eux et plus frugale. C'est là que dînait Britannicus ; comme sa nourriture et ses boissons étaient goûtées par un dégustateur choisi parmi ses assistants, pour éviter soit de déroger la règle soit de trahir le complot en tuant les deux hommes, voici la ruse qu’on mit en place. Une boisson, encore inoffensive, très chaude et déjà goûtée, est donnée à Britannicus ; puis, après qu’il la refusait parce qu'elle était trop chaude, on y verse de l'eau froide et avec elle le poison, qui envahit ses membres tout entiers si efficacement qu'il perdit simultanément la voix et le souffle. Ceux qui étaient assis autour s’agitent, et ceux qui ne comprennent pas ce qui se passe se dispersent ; ceux qui pouvaient lire plus clairement restent assis, interdits et fixant Néron. Ce dernier, comme il était resté allongé et faisait mine de ne pas savoir, dit que c’est un incident habituel, dû à l'épilepsie dont Britannicus était atteint dès sa plus tendre enfance et que la vue et la sens reviendront par degrés. Mais la peur d'Agrippine, son angoisse, malgré le contrôle qu'elle exerçait sur ses traits, furent si visibles qu’il fut évident qu'elle avait été aussi ignorante qu’Octavie la sœur de Britannicus : elle comprenait de fait que on lui avait ôté son dernier allié et que c’était là la répétition de son meurtre. Octavie, elle aussi, malgré son jeune âge, avait appris à cacher ses chagrins, ses affections, ses émotions. Ainsi, après un court silence, la liesse du banquet reprit. La même nuit eurent lieu le meurtre de Britannicus et son bûcher, les préparatifs funéraires, qui étaient assez modestes, ayant été faits à l'avance. Cependant, il fut été enterré au Champ de Mars, sous de telles bourrasques de pluie que la foule crut qu'elles annonçaient la colère des dieux contre le crime.",Sarah Gaucher
Sarah Gaucher,Latin,Reposianus,L’union de Mars et de Vénus,96-137,Poésie,177,FAUX,4,Ebats de Mars et de Vénus,"Indicatif plus-que-parfait, Participe présent, Indicatif imparfait, Subjonctif imparfait, Infinitif présent, Subjonctif présent, Indicatif présent, Indicatif parfait, Participe parfait","""qui, quae, quod"", ""quis, quae, quid"", ""ipse, a, um""","Ablatif absolu, Circonstancielle de temps (indicatif), Circonstancielle de lieu (qua), Complétive ne + subjonctif, Cum + indicatif, Exclamative, Relatif de liaison, Circonstancielle finale (subjonctif)","Iuerat ad lectum Mauors et pondere duro
floribus incumbens totum turbarat honorem.
Ibat pulchra Venus uix presso pollice cauta,
florea ne teneras uiolarent spicula plantas ;
et nunc innectens, ne rumpant oscula, crinem,
nunc uestes fluitare sinens, uix lassa retentat,
cum nec tota latet nec totum nudat amorem.
Ille inter flores furtiuo lumine tectus
spectat hians Venerem totoque ardore tremescit.
Incubuit lectis Paphie. Proh sancte Cupido,
quam blandas uoces, quae tunc ibi murmura fundunt !
Oscula permixtis quae tunc fixere labellis !
Quam bene consertis haeserunt artubus artus !
Stringebat Paphiae Mauors tunc pectore dextram
et, collo innexam ne laedant pondera laeuam,
lilia cum roseis supponit candida sertis.
Saepe leui cruris tactu commouit amantem
in flammas, quas diua fouet. Iam languida fessos
forte quies Martis tandem compresserat artus ;
non tamen omnis amor, non omnis pectore cessit
flamma dei : trahit in medio suspiria somno
et uenerem totis pulmonibus ardor anhelat.
Ipsa Venus tunc tunc calidis succensa uenenis
uritur ardescens, nec somnia parta quieta.
O species quam blanda ! O quam bene presserat artus
nudos forte sopor ! Niueis suffulta lacertis
colla nitent : pectus gemino quasi sidere fulget.
Non omnis resupina iacet, sed corpore flexo
molliter et laterum qua se confinia iungunt.
Martem respiciens deponit lumina somno,
sed gratiosa, decens. Pro lucis forte Cupido
Martis tela gerit ; quae postquam singula lustrat,
loricam clipeum gladium galeaeque minacis
cristas, flore ligat ; tunc hastae pondera temptat
miraturque suis tantum licuisse sagittis.
Iam medium Phoebus radiis possederat orbem,
iam tumidis calidus spatiis librauerat horas :
flammantes retinebat equos. Proh conscia facti
inuida lux ! Veneris qui nunc produntur amores
lumine, Phoebe, tuo ! Stant capti iudice tanto
Mars Amor et Paphie, ramisque inserta tremescunt
lumina, nec crimen possunt te teste negare.
","Mars s’était dirigé vers le lit et s’appuyant de tout son poids sur les fleurs, il en avait flétri toute la fraîcheur. La belle Vénus marchait avec précaution, sur la pointe de ses pieds, pour que les épines des fleurs n’en blessent pas la tendre plante ; tantôt elle noue sa chevelure pour que les baisers ne la décoiffent pas, tantôt, laissant flotter sa robe, lasse, elle la retient à peine, ne se cachant pas tout entière sans dévoiler entièrement ses charmes. Lui, dissimulé parmi les fleurs, bouche bée, regarde Vénus d’un œil furtif et se met à frémir de tout son désir. La déesse de Paphos s’étendit sur la couche. Oh ! Auguste Cupidon ! Comme elles sont douces les voix qui, à cet instant, font naître leurs murmures en ce lieu ! Quels baisers ils ont imprimés sur leurs lèvres jointes ! Comme les membres se sont parfaitement unis aux membres enlacés ! Mars serrait sur sa poitrine la main droite de la déesse de Paphos et, de peur que son poids ne blesse sa main gauche qu’elle avait passée sous son cou, il dispose en-dessous des lis blancs et des guirlandes de roses. Souvent, d’une légère caresse de sa cuisse, la déesse a jeté son amant dans un feu qu’elle attise. Enfin une torpeur languide avait accablé les membres las de Mars ; mais tout l’amour, toute la flamme du dieu n’ont point quitté sa poitrine : au sein de son sommeil, il pousse de longs soupirs et son ardeur exhale son plaisir à pleins poumons. Alors, oui alors, Vénus elle-même, consumée par des fluides bouillants, enflammée, est embrasée et les songes qui l’ont gagnée ne sont pas paisibles. Oh, comme cette vue est douce ! Oh, comme le sommeil avait parfaitement accablé à l’improviste ses membres nus ! Posé sur ses bras de neige, son cou resplendit : sa poitrine scintille comme éclairée d’étoiles jumelles. Elle n'est pas entièrement allongée sur le dos, mais son corps est légèrement fléchi à l'endroit où les extrémités de ses flancs passent pour se rejoindre. Le regard tourné vers Mars, elle abandonne ses yeux au sommeil, charmante qu’elle est, avenante. À l’entrée du bois, Cupidon manipule à l’improviste les armes de Mars ; et après les avoir examinées une à une, cuirasse, bouclier, épée et panache du casque menaçant, il les attache d’un lien de fleurs ; puis il examine le poids de la lance et s’étonne que ses flèches aient eu tant de puissance. Déjà, Phébus avait envahi de ses rayons la moitié de l’univers, déjà, dans la chaleur de son fier parcours, il avait équilibré les heures du jour : il retenait ses coursiers enflammés. Ah ! Lumière jalouse qui découvre cette union ! Quelles amours de Vénus sont maintenant dévoilées, ô Phébus, par ta lumière ! Mars, Amour et la déesse de Paphos se tiennent immobiles, pris sur le fait par un juge si puissant ; ils tremblent à la vue des rayons qui passent à travers les branches ; ils ne peuvent nier le crime dont tu es le témoin.",Sarah Gaucher
Sarah Gaucher,Latin,Tite-Live,Histoire Romaine,26.43,Prose,207,FAUX,4,Préparatifs de guerre et discours,"Participe parfait, Subjonctif plus-que-parfait, Subjonctif imparfait, Déponent, Infinitif présent, Subjonctif imparfait, Indicatif présent, Adjectif verbal, Gérondif, Participe parfait, Indicatif futur, Indicatif futur antérieur, Subjonctif présent","""qui, quae, quod"", ""ille, illa, illud"", ""ipse, a, um"", ""hic, haec, hoc""","Cum + subjonctif, Complétive ut + subjonctif, Circonstancielle finale (subjonctif), ""Proposition infinitive
"", Adjectif verbal épithète, Ablatif absolu, Relatif de liaison, Proposition relative (indicatif), Proposition relative (subjonctif), Système hypothétique (réel), tum ... cum","Circumuectusque classem cum monuisset praefectos nauium ut uigilias nocturnas intenti seruarent, omnia ubique primo obsessum hostem conari, regressus in castra ut consilii sui rationem quod ab urbe potissimum oppugnanda bellum orsus esset militibus ostenderet et spem potiundae cohortando faceret, contione aduocata ita disseruit : « Ad urbem unam oppugnandam si quis uos adductos credit, is magis operis uestri quam emolumenti rationem exactam, milites, habet. Oppugnabitis enim uere moenia unius urbis, sed in una urbe uniuersam ceperitis Hispaniam. Hic sunt obsides omnium nobilium regum populorumque ; qui simul in potestate uestra erunt, extemplo omnia quae nunc sub Carthaginiensibus sunt in dicionem tradent ; hic pecunia omnis hostium, sine qua neque illi gerere bellum possunt, quippe qui mercennarios exercitus alant, et quae nobis maximo usui ad conciliandos animos barbarorum erit ; hic tormenta, arma, omnis apparatus belli est, qui simul et uos instruet et hostis nudabit. Potiemur praeterea cum pulcherrima opulentissimaque urbe tum opportunissima portu egregio unde terra marique quae belli usus poscunt suppeditentur. Quae cum magna ipsi habebimus, tum dempserimus hostibus multo maiora. Haec illis arx, hoc horreum, aerarium, armamentarium, hoc omnium rerum receptaculum est ; huc rectus ex Africa cursus est ; haec una inter Pyrenaeum et Gadis statio ; hinc omni Hispaniae imminet Africa. »","Alors qu’étant allé de navire en navire il avait averti chaque commandant de monter une garde attentive de nuit, faisant observer qu’au début un ennemi assiégé fait partout des tentatives, rentré dans le camp pour exposer à ses soldats la raison de sa décision, qui lui avait fait commencer la campagne de préférence par l’attaque de la ville, et leur donner, par ses encouragements, l’espoir s’en rendre maître, il convoqua l’assemblée puis s'exprima ainsi : « Si quelqu'un croit que vous avez été amenés ici pour n’attaquer qu’une seule ville, il tient un compte plus exact de votre peine, soldats, que du profit de l’opération. Sans doute allez-vous, en effet, attaquer les murs d'une seule ville, mais, avec cette seule ville, c’est toute l’Espagne que vous aurez prise. C’est ici que se trouvent les otages de tous les rois et peuples importants ; et dès qu'ils seront en votre pouvoir, ils rendront tout ce qui est maintenant soumis aux Carthaginois. C’est ici que se trouve tout l'argent des ennemis, sans lequel ceux-là ne peuvent faire la guerre, puisqu’ils entretiennent des armées de mercenaires, et qui nous sera de la plus grande utilité pour nous rallier les bonnes dispositions des barbares. C’est ici que se trouvent l’artillerie, les armes, tout le matériel de guerre qui vous équipera en même temps qu’il dépouillera nos ennemis. En outre, nous prendrons possession d’une part de la plus belle et de la plus riche des villes, d’autre part de la plus utile, en raison de son excellent port, puisque c’est de là qu’est fourni par terre et par mer tout ce que les besoins de la guerre exigent. Nous ne disposerons pas seulement de ces grandes ressources nous-mêmes, mais nous en aurons aussi ôté à nos ennemis de beaucoup plus importantes. C'est leur citadelle, c'est leur grenier à blé, leur trésor, leur arsenal, c'est leur entrepôt pour tout. C'est ici que l’on vient d’Afrique en droite ligne ; c'est la seule rade entre les Pyrénées et Gadès ; de là, l'Afrique menace toute l'Espagne. »",Sarah Gaucher
Sarah Gaucher,Latin,Valère Maxime,Des faits et dits mémorables,2.2-3,Prose,180,FAUX,4,Rome et la langue grecque,"Participe présent, Subjonctif parfait, Infinitif présent passif, Indicatif imparfait, Adjectif verbal, Subjonctif imparfait, Indicatif présent, Participe parfait, Déponent, Infinitif présent actif, Infinitif présent passif, Infinitif présent, Indicatif parfait, Indicatif plus-que-parfait","""ipse, a, um"", ""qui, quae, quod"", ""quis, quae, quid"", Comparatif, ""ille, illa, illud"", ""is, ea, id""","Adjectif verbal épithète, Complétive ne + subjonctif, Ablatif absolu, quo + comparatif = ut, Circonstancielle finale (subjonctif), Adjectif verbal attribut, Proposition relative (indicatif), ""Proposition infinitive
"", Circonstancielle causale (indicatif), Ut + indicatif, Interrogative directe, Interrogative indirecte, Relatif de liaison","Magistratus uero prisci quantopere suam populique Romani maiestatem retinentes se gesserint hinc cognosci potest, quod inter cetera obtinendae grauitatis indicia illud quoque magna cum perseuerantia custodiebant, ne Graecis umquam nisi Latine responsa darent. Quin etiam ipsos, linguae uolubilitate, qua plurimum ualent, excussa, per interpretem loqui cogebant non in urbe tantum nostra, sed etiam in Graecia et Asia, quo scilicet Latinae uocis honos per omnes gentes uenerabilior diffunderetur. Nec illis deerant studia doctrinae, sed nulla non in re pallium  togae subici debere arbitrabantur, indignum esse existimantes inlecebris et suauitati litterarum imperii pondus et auctoritatem donari. Quapropter non es damnandus rustici rigoris crimine, C. Mari , quia gemina lauru coronatam senectutem tuam, Numidicis et Germanicis inlustrem tropaeis, uictor deuictae gentis facundia politiorem fieri noluisti, credo, ne alienigena ingenii exercitatione patrii ritus serus transfuga existeres. Quis ergo huic consuetudini, qua nunc Graecis actionibus aures curiae exurdantur, ianuam patefecit ? Vt opinor, Molo rhetor, qui studia M. Ciceronis acuit : eum namque ante omnes exterarum gentium in senatu sine interprete auditum constat. Quem honorem non inmerito cepit, quoniam summam uim Romanae eloquentiae adiuuerat.","Combien les magistrats d’autrefois, qui gardaient intacte leur grandeur et celle du peuple romain, ont réglé leur conduite, on peut le saisir du fait que, parmi d'autres indices du maintien de leur dignité, ils s’appliquaient avec une grande persévérance à ne jamais faire connaître de décisions aux Grecs sinon en latin. Bien plus, les ayant privés de la volubilité langagière dans laquelle ils excellent, ils obligèrent les Grecs eux-mêmes à parler par l'intermédiaire d'un interprète non seulement dans notre ville mais aussi en Grèce et en Asie, pour que, cela va de soi, la langue latine, rendue plus vénérable, se répande parmi tous les peuples. Non pas que ces magistrats manquaient de goût pour l’étude, mais ils estimaient qu'en toute matière le manteau devait être subordonné à toge, pensant qu'il était indigne que le poids et l'autorité du pouvoir soient sacrifiés au charme et à l’attrait des lettres. C'est pourquoi, Marius, tu ne dois pas être condamné sur le chef d’accusation de sévérité rustique, parce que, toi le conquérant, tu n’as pas voulu que ta vieillesse couronnée de doubles lauriers, éclatante des trophées remportés contre les Numides et les Germains, soit rendue plus raffinée par l'éloquence d'un peuple conquis pour éviter, je crois, de te montrer déserteur tardif de l'usage national par l'exercice d'une intelligence étrangère. Qui donc a ouvert la porte à notre pratique, qui assourdit aujourd’hui les oreilles de la curie de discours à la grecque ? Il s’agit, je crois, du rhéteur Molon, celui qui excita les goûts de Cicéron : et en effet, il est établi que c’est Molon qui, avant tous les peuples étrangers, fut entendu au Sénat sans interprète. Et ce n’est pas sans mérite qu’il reçut cette distinction, puisqu’il avait contribué à la plus grande force de l’éloquence romaine. ",Sarah Gaucher
Sarah Gaucher,Latin,Lucain,La Pharsale,9.1081-1108,Poésie,189,FAUX,4,Discours de César après la mort de Pompée,"Infinitif présent, Impératif présent, Subjonctif présent, Indicatif présent, Indicatif parfait, Indicatif imparfait, Participe parfait, Indicatif présent, Subjonctif imparfait, Subjonctif plus-que-parfait, Participe présent, Déponent","Comparatif, Comparatif de l'adverbe","Omission du verbe esse, Complétive ne + subjonctif, Complément du comparatif, Ablatif absolu, ""Proposition infinitive
"", Subjonctif en principale, Circonstancielle consécutive (subjonctif), Complétive ut + subjonctif, Cum + subjonctif","« Nec fallere uosmet 
credite uictorem : nobis quoque tale paratum 
litoris hospitium ; ne sic mea colla gerantur 
Thessaliae fortuna facit. Maiore profecto 
quam metui poterat discrimine gessimus arma : 
exilium generique minas Romamque timebam ; 
poena fugae Ptolemaeus erat. Sed parcimus annis  
donamusque nefas. Sciat hac pro caede tyrannus 
nil uenia plus posse dari. Vos condite busto 
tanti colla ducis, sed non ut crimina solum 
uestra tegat tellus : iusto date tura sepulchro 
et placate caput cineresque in litore fusos 
colligite atque unam sparsis date manibus urnam.
Sentiat aduentum soceri uocesque querentis 
audiat umbra pias. Dum nobis omnia praefert, 
dum uitam Phario mauolt debere clienti , 
laeta dies rapta est populis, concordia mundo 
nostra perit. Caruere deis mea uota secundis, 
ut te conplexus positis felicibus armis
adfectus a te ueteres uitamque rogarem, 
Magne , tuam, dignaque satis mercede laborum 
contentus, par esse tibi. Tunc pace fideli 
fecissem ut uictus posses ignoscere diuis, 
fecisses ut Roma mihi. » Nec talia fatus 
inuenit fletus comitem nec turba querenti 
credidit : abscondunt gemitus et pectora laeta 
fronte tegunt, hilaresque nefas spectare cruentum, 
(o bona libertas !), cum Caesar lugeat, audent.","« Et n’allez pas croire que vous abusiez le vainqueur : à moi aussi un tel accueil était réservé sur votre rivage ; si ce n’est pas ma tête qu’on porte ainsi, c’est à ma bonne fortune en Thessalie que je le dois . Nous avons fait la guerre en nous exposant à un plus grand danger, assurément, que celui que l’on pouvait redouter : l’exil, les menaces d’un gendre, Rome, voilà ce que je craignais ; mais le châtiment de la fuite, c’était Ptolémée. Mais nous pardonnons à son âge et le tenons quitte de son crime impie. Que le tyran sache qu’en retour de ce meurtre, il ne pourra rien obtenir de plus que mon pardon . Quant à vous, ensevelissez la tête d’un si grand chef, mais pas seulement pour que la terre recouvre votre crime : offrez de l’encens à la sépulture qu’il mérite, apaisez sa tête, recueillez ses cendres répandues sur le rivage et offrez une seule urne à ses mânes dispersés. Que son ombre sente l’arrivée de son beau-père et entende, au milieu de ses plaintes , de pieuses paroles. En préférant tout à ma personne, en aimant mieux devoir la vie à son client de Pharos, il a volé aux peuples le jour du bonheur, il a privé à jamais le monde de notre réconciliation. Ils n’ont pas trouvé de dieux favorables, les vœux que je formais de te serrer dans mes bras après avoir déposé mes armes victorieuses, de te demander de m’aimer comme autrefois et de vivre, Magnus, et, satisfait de cette récompense bien digne de mes peines, de te demander de me laisser être ton égal . Alors, par une paix loyale, j’aurais fait que, même vaincu, tu pusses pardonner aux dieux, et toi tu aurais fait que Rome pût me pardonner ». Telles furent ses paroles, mais il ne trouva personne pour se joindre à ses pleurs et la foule ne crut pas à ses plaintes : les soldats renferment leur douleur, ils la déguisent sous l’apparence de la joie et ils osent regarder avec bonheur le crime atroce (ô douce liberté !), alors que César pleure le mort.",Sarah Gaucher
Sarah Gaucher,Latin,Lucrèce,Sur la nature des choses,3.1024-1052,Poésie,184,FAUX,4,Même les grands hommes doivent mourir,"Subjonctif présent, Indicatif parfait, Infinitif présent, Participe présent, Subjonctif imparfait, Impératif présent, Indicatif présent, Participe parfait, Indicatif futur, Déponent","""qui, quae, quod"", ""ille, illa, illud"", ""ipse, a, um"", Comparatif, ""quis, quae, quid""","Complément du comparatif, Proposition relative (indicatif), Ablatif absolu, Système hypothétique (irréel du présent), Relatif de liaison, Circonstancielle de temps (indicatif), Comparative (indicatif), Omission du verbe esse, Interrogative indirecte, Cum + indicatif, Interrogative directe","Lumina sis  oculis etiam bonus Ancus reliquit, 
qui melior multis quam tu fuit, improbe, rebus.
Inde alii multi reges rerumque potentes 
occiderunt, magnis qui gentibus imperitarunt.
Ille  quoque ipse, uiam qui quondam per mare magnum
strauit iterque dedit legionibus ire per altum 
ac pedibus salsas docuit super ire lucunas 
et contempsit equis insultans murmura ponti, 
lumine adempto animam moribundo corpore fudit.
Scipiadas , belli fulmen, Carthaginis horror, 
ossa dedit terrae proinde ac  famul infimus esset.
Adde repertores doctrinarum atque leporum, 
adde Heliconiadum comites  ; quorum unus Homerus 
sceptra potitus eadem aliis sopitus quietest. 
Denique Democritum postquam matura uetustas
admonuit memores motus languescere mentis, 
sponte sua leto caput obuius optulit ipse.
Ipse Epicurus obit decurso lumine uitae, 
qui genus humanum ingenio superauit et omnis 
restinxit stellas exortus ut aetherius sol.
Tu uero dubitabis et indignabere obire, 
mortua cui uita est prope iam uiuo atque uidenti, 
qui somno partem maiorem conteris aeui, 
et uiligans stertis nec somnia cernere cessas 
sollicitamque geris cassa formidine mentem
nec reperire potes tibi quid sit saepe mali, cum 
ebrius urgeris multis miser undique curis 
atque animo incerto fluitans errore uagaris ?","Même le bon Ancus, qui valait mieux que toi, scélérat, dans bien des domaines, ferma ses yeux à la lumière. Depuis lors, bien d'autres rois et d'autres puissants de ce monde, qui gouvernèrent de grandes nations, périrent. Lui-même, cet homme illustre qui jadis établit une route à travers la vaste mer, ouvrit à ses armées un chemin pour traverser les eaux, qui leur apprit à passer à pied au-dessus des abîmes salés et méprisa le grondement des flots en les piétinant avec sa cavalerie fut privé de la lumière du jour et son corps moribond rendit l'âme. Scipion, foudre de guerre, terreur de Carthage, rendit ses os à la terre comme le dernier des esclaves. Ajoute les inventeurs des sciences et des arts, ajoute les compagnons des Muses ; et parmi eux, Homère, unique détenteur du sceptre, a été endormi du même sommeil que les autres. Enfin, Démocrite, après que sa vieillesse avancée l’avertit que les ressorts de son esprit et de sa mémoire faiblissaient, alla lui-même, volontairement, au-devant de la mort et lui offrit sa tête. Une fois achevée la lumineuse course de son existence, Épicure en personne a succombé, lui qui domina de son génie le genre humain et qui éteignit toutes les étoiles, tel le soleil éthéré à sa naissance. Mais toi, tu hésiteras à mourir, tu t’en indigneras, toi dont la vie est déjà presque morte, bien que tu vives et que tu vois, toi qui passes la plus grande partie de ton temps à dormir, qui somnoles tout éveillé, qui ne cesses de voir des songes, qui as l’esprit en proie à une vaine terreur, qui souvent ne peux découvrir quel malheur te frappe, lorsque, pauvre ivrogne, tu es dévoré de toutes parts par une foule de tourments et que, l’esprit incertain, ton erreur te ballote et te fait sombrer.",Sarah Gaucher
Sarah Gaucher,Latin,Cicéron,Pour Archias,10.22-24,Prose,157,FAUX,4,Pouvoir(s) de la poésie,"Indicatif présent, Indicatif parfait, Subjonctif parfait, Infinitif présent, Infinitif parfait, Subjonctif plus-que-parfait, Indicatif plus-que-parfait","""is, ea, id"", ""idem, eadem, idem"", ""ipse, a, um"", ""hic, haec, hoc"", ""ille, illa, illud"", ""qui, quae, quod""","Système hypothétique (réel), Circonstancielle causale (indicatif), Cum + subjonctif, Proposition relative (subjonctif), Interrogative directe, Système hypothétique (irréel du passé), tum ... cum, Exclamative, Relatif de liaison, Proposition relative (indicatif), Passif personnel + infinitif","Nam si quis minorem gloriae fructum putat ex Graecis uersibus percipi quam ex Latinis, uehementer errat, propterea quod Graeca leguntur in omnibus fere gentibus, Latina  suis finibus, exiguis sane, continentur. Qua re  si res eae, quas gessimus, orbis terrae regionibus definiuntur, cupere debemus, quo manuum nostrarum tela peruenerint, eodem  gloriam famamque penetrare, quod quum ipsis populis, de quorum rebus scribitur, haec ampla sunt, tum iis certe, qui de uita gloriae causa  dimicant, hoc maximum et periculorum incitamentum est et laborum . Quam multos scriptores rerum suarum magnus ille Alexander secum habuisse dicitur ! Atque is tamen, cum in Sigeo ad Achillis tumulum astitisset : « O fortunate » inquit « adulescens, qui tuae uirtutis Homerum praeconem inueneris ! » Et uere. Nam nisi Ilias illa exstitisset, idem tumulus, qui corpus eius contexerat, nomen etiam obruisset. Quid ? Noster hic Magnus, qui cum uirtute fortunam adaequauit, nonne Theophanem Mytilenaeum, scriptorem rerum suarum, in contione militum ciuitate donauit ?","Car si l’on croit que le fruit de la gloire se recueille moins des vers grecs que des vers latins, on commet une grave erreur, parce que le grec est lu chez presque toutes les nations, tandis que le latin est limité par ses frontières, bien étroites. Pour cette raison, si les actions que nous avons accomplies ont pour limites les bornes de l’univers, nous devons espérer que notre gloire et notre renommée aillent aussi loin que les armes de nos troupes sont parvenues, parce que d’une part pour les peuples mêmes dont on écrit l’histoire ces choses (/écrits) sont importantes (/glorieux), et que d’autre part il ne fait aucun doute que, pour ceux qui risquent leur vie en vue de la gloire, il y a là une très puissante incitation à la fois aux périls et aux fatigues. Combien d’historiens de ses exploits le grand Alexandre eut-il jadis, dit-on, à ses côtés ! Et lui cependant, alors qu’il s’était tenu (/se tenait) près du tombeau d’Achille sur le promontoire de Sigée, dit : « Heureux jeune homme, puisque tu as trouvé un Homère comme héraut de ta valeur ! ». Et il disait vrai. Car si la célèbre Iliade n’avait pas existé, le même tombeau qui avait couvert le corps d’Achille aurait aussi enseveli son nom. Eh quoi ? De nos jours notre Grand Pompée, qui a rendu son succès égal à sa valeur, est-ce qu’il n’a pas, dans une harangue à ses soldats, gratifié Théophane de Mytilène, historien de ses exploits, du droit de cité ?",Sarah Gaucher
Sarah Gaucher,Latin,Sénèque,Lettres à Lucilius,70,Prose,173,FAUX,4,Réflexions sur le suicide,"Indicatif parfait, Subjonctif plus-que-parfait, Infinitif présent, Indicatif imparfait, Subjonctif imparfait, Adjectif verbal, Participe présent, Gérondif, Déponent, Indicatif futur","Comparatif de l'adverbe, Superlatif, ""ille, illa, illud"", ""qui, quae, quod"", ""is, ea, id"", ""hic, haec, hoc""","Circonstancielle causale (subjonctif), Cum + subjonctif, Adjectif verbal épithète, Ablatif absolu, Complément du comparatif, Proposition relative (subjonctif), Exclamative, Système hypothétique (irréel du passé), Interrogative indirecte, Comparative (indicatif), Interrogative directe, Adjectif verbal attribut, Circonstancielle causale (indicatif), Circonstancielle finale (subjonctif), ""Proposition infinitive
"", Accusatif exclamatif, Subjonctif en principale","Vilissimae sortis homines ingenti impetu in tutum euaserunt, cumque e commodo mori non licuisset nec ad arbitrium suum instrumenta mortis eligere, obuia quaeque rapuerunt et quae natura non erant noxia ui sua tela fecerunt. Nuper in ludo bestiariorum unus e Germanis, cum ad matutina spectacula pararetur, secessit ad exonerandum corpus : nullum aliud illi dabatur sine custode secretum ; ibi lignum id quod ad emundanda obscena adhaerente spongia positum est totum in gulam farsit et interclusis faucibus spiritum elisit. Hoc fuit morti contumeliam facere. Ita prorsus, parum munde et parum decenter : quid est stultius quam fastidiose mori ? O uirum fortem, o dignum cui fati daretur electio ! Quam fortiter ille gladio usus esset, quam animose in profundam se altitudinem maris aut abscisae rupis immisisset ! Vndique destitutus inuenit quemadmodum et mortem sibi deberet et telum , ut scias ad moriendum nihil aliud in mora esse quam uelle. Existimetur de facto hominis acerrimi ut cuique uisum erit, dum hoc  constet, praeferendam esse spurcissimam mortem seruituti mundissimae. Quoniam coepi sordidis exemplis uti, perseuerabo.","Des hommes de la plus basse extraction, avec un effort immense, se refugièrent en lieu sûr et, puisqu’il ne leur avait pas été donné de mourir comme il leur convenait ni de choisir à leur guise les moyens de se donner la mort, ils se saisirent de tout ce qui put leur tomber sous la main et mirent leur énergie à faire d’objets qui, en soi, n’étaient pas dangereux des armes. Récemment, lors d’un jeu qui mettait aux prises les gladiateurs à des bêtes, un Germain, alors qu’on le préparait pour les combats du matin, se retira pour pour soulager son corps. On ne lui permettait d’aller dans aucun autre endroit qui fût à l’abri des regards d’un garde. Là, il s’enfonça complètement dans le gosier le bâton qui est y placé avec une éponge accrochée au bout pour nettoyer les excréments et il rendit l’âme, la gorge obstruée. Cette attitude revint à faire un affront à la mort. Oui, tout à fait : de façon bien peu propre et bien peu décente. Mais qu’y aurait-il  de plus stupide que de mourir en jouant les délicats ? Ô homme courageux, ô homme qui méritait qu’on lui donnât le choix de son destin ! Avec quel courage cet homme aurait manié l’épée, avec quelle hardiesse il se serait précipité dans un gouffre profond en mer ou au fond d’un ravin, à flanc d’un rocher abrupt ! Abandonné de toutes parts, il trouva le moyen de ne se devoir qu’à lui-même tant la mort que son arme, pour qu’on sache que, pour mourir, rien d’autre ne nous retarde que notre volonté. Que chacun apprécie l’acte de cet homme si impétueux comme bon lui semblera, pourvu que l’on tienne pour avéré qu’il faut préférer la mort la plus immonde à la servitude la plus propre. Puisque j’ai commencé à prendre des exemples triviaux, je vais continuer dans cette voie.",Sarah Gaucher
Sarah Gaucher,Latin,Ovide,Héroïdes,1.47-74,Poésie,205,FAUX,4,Pénélope déplore l'absence d'Ulysse,"Indicatif présent, Participe parfait, Indicatif parfait, Indicatif imparfait, Participe présent, Adjectif verbal, Infinitif présent, Gérondif, Subjonctif parfait, Subjonctif imparfait, Subjonctif présent, Déponent","""qui, quae, quod"", ""ille, illa, illud"", ""hic, haec, hoc"", Comparatif de l'adverbe, ""quis, quae, quid""","Interrogative directe, Système hypothétique (réel), Adjectif verbal attribut, Interrogative indirecte, Subjonctif en principale, Comparative (indicatif), Ablatif absolu, Proposition relative (indicatif), Circonstancielle de lieu (ubi), Omission du verbe esse","Sed mihi quid prodest uestris disiecta lacertis
Ilios, et murus quod fuit esse solum,
si maneo qualis Troia durante manebam
uirque mihi dempto fine carendus abest ?
Diruta sunt aliis, uni mihi Pergama restant, 
incola captiuo quae boue uictor arat.
Iam seges est ubi Troia fuit resecandaque falce
luxuriat Phrygio sanguine pinguis humus ;
semisepulta uirum  curuis feriuntur aratris
ossa ; ruinosas occulit herba domos.
Victor abes nec scire mihi quae causa morandi
aut in quo lateas, ferreus, orbe licet !
Quisquis ad haec uertit peregrinam litora puppim,
ille mihi  de te multa rogatus abit,
quamque tibi reddat, si te modo uiderit usquam,
traditur huic digitis charta notata meis.
Nos Pylon , antiqui Neleia Nestoris arua,
misimus ; incerta est fama remissa Pylo.
Misimus et Sparten ; Sparte quoque nescia ueri.
Quas habitas terras aut ubi lentus abes ?
Vtilius starent etiamnunc moenia Phoebi
(irascor uotis, heu !, leuis ipsa meis).
Scirem ubi pugnares et tantum bella timerem,
et mea cum multis iuncta querela foret. // (arrêt possible)
Quid timeam, ignoro ¬ timeo tamen omnia demens,
et patet in curas area lata meas.
Quaecumque aequor habet, quaecumque pericula tellus,
tam longae causas suspicor esse morae.
Haec ego dum stulte metuo, quae  uestra libido est,
esse peregrino captus amore potes.","Mais à quoi me sert qu’Ilion ait été renversée par vos bras et que son ancienne muraille soit au niveau du sol si je demeure telle que je demeurais lorsque Troie perdurait, si l’absence du mari dont je suis privée ne doit point avoir de termes ? Détruite pour les autres, pour moi seule Pergame est encore debout, elle que le vainqueur qui y séjourne laboure avec un bœuf captif. Déjà la moisson se tient où se tint Troie et la terre, engraissée du sang phrygien, offre son abondante récolte au tranchant de la faux ; le soc recourbé heurte les ossements à demi ensevelis des guerriers ; l’herbe couvre les maisons en ruine. Vainqueur, tu es absent et je ne puis savoir ni la cause de ton retard ni en quelle partie du monde tu te caches, insensible ! Quiconque dirige vers ces rivages sa poupe étrangère ne s’en va qu’après que je l’ai pressé de nombreuses questions à ton propos et on lui confie une lettre écrite de mes mains pour qu’il te la remette, si toutefois il t’a rencontré quelque part. Nous avons envoyé un émissaire à Pylos, pays du vieux Nestor, fils de Nélée. Les nouvelles rapportées de Pylos sont incertaines. Nous avons également envoyé un émissaire à Sparte ; Sparte aussi ignore la vérité. Quelles terres habites-tu et en quel lieu t’attardes-tu ? Je gagnerais davantage à ce que les remparts de Phébus se tiennent encore débout (hélas ! inconséquente que je suis, je m’irrite contre mes propres vœux !). Je saurais où tu combats, je ne craindrais que la guerre et ma plainte serait jointe à beaucoup d’autres. Je ne sais ce que je crains. Cependant, dans mon égarement, je crains tout et un vaste champ est ouvert à mes inquiétudes. Tous les périls que recèle la mer, tous ceux que recèle la terre, je les soupçonne d'être la cause de si longs retards. Tandis que pour ma part je ressasse sottement ces craintes, tu es peut-être captif d’un amour étranger (tel est votre désir, à vous les hommes !).",Sarah Gaucher
